USE agencia_bienes_raices;


INSERT INTO usuarios VALUES
	('agzf','passAdm',10000001),
	('desb','passAdm',10000002),
	('jaha','passAdm',10000003),
	('virn','passAdm',10000004),
	('john_doe', 'pass1', 20000001), 
  ('jane_smith', 'pass2', 20000002),
  ('alice_johnson', 'pass3', 20000003),
  ('bob_brown', 'pass4', 20000004),
  ('emily_davis', 'pass5', 20000005),
  ('michael_wilson', 'pass6', 20000006),
  ('sarah_martinez', 'pass7', 20000007),
  ('david_anderson', 'pass8', 20000008),
  ('jessica_taylor', 'pass9', 20000009),
  ('james_thomas', 'pass10', 20000010),
  ('amanda_lee', 'pass11', 20000011),
  ('matthew_clark', 'pass12', 20000012),
  ('stephanie_allen', 'pass13', 20000013),
  ('christopher_scott', 'pass14', 20000014),
  ('rebecca_king', 'pass15', 20000015),
  ('nicole_baker', 'pass16', 20000016),
  ('daniel_garcia', 'pass17', 20000017),
  ('samantha_young', 'pass18', 20000018),
  ('kevin_rodriguez', 'pass19', 20000019),
  ('michelle_nguyen', 'pass20', 20000020),
  ('andrew_hernandez', 'pass21', 20000021),
  ('ashley_gonzalez', 'pass22', 20000022),
  ('jonathan_perez', 'pass23', 20000023),
  ('lauren_torres', 'pass24', 20000024),
  ('justin_ramirez', 'pass25', 20000025),
  ('rachel_flores', 'pass26', 20000026),
  ('brandon_kim', 'pass27', 20000027),
  ('megan_patel', 'pass28', 20000028),
  ('tyler_smith', 'pass29', 20000029),
  ('kayla_nguyen', 'pass30', 20000030),
  ('carlos_garcia', 'pass1', 30000001), 
  ('maria_hernandez', 'pass2', 30000002),
  ('juan_martinez', 'pass3', 30000003),
  ('ana_lopez', 'pass4', 30000004),
  ('pedro_perez', 'pass5', 30000005),
   ('laura_rodriguez2', 'pass6', 30000006),
  ('diego_gonzlez', 'pass7', 30000007),
  ('sofia_ramirez2', 'pass8', 30000008),
  ('alejandro_sanchez2', 'pass9',30000009),
  ('valeria_flores2', 'pass10', 30000010),
  ('gabriel_torres2', 'pass11', 30000011),
  ('luis_morales2', 'pass12', 30000012),
  ('marina_vargas2', 'pass13', 30000013),
  ('pablo_cruz2', 'pass14', 30000014),
  ('elena_gomez2', 'pass15', 30000015),
  ('carmen_reyes2', 'pass16', 30000016),
  ('ricardo_diaz2', 'pass17', 30000017),
  ('daniela_castro2', 'pass18', 30000018),
  ('fernando_ortiz2', 'pass19', 30000019),
  ('javier_mendoza2', 'pass20', 30000020),
  ('marta_aguilar2', 'pass21', 30000021),
  ('lucas_fernandez2', 'pass22', 30000022),
  ('adriana_jimenez2', 'pass23', 30000023),
  ('raul_silva2', 'pass24', 30000024),
  ('teresa_reyes', 'pass25', 30000025),
  ('eduardo_gutierrez', 'pass26', 30000026),
  ('monica_ramos', 'pass27', 30000027),
  ('roberto_nunez', 'pass28', 30000028),
  ('patricia_castro', 'pass29', 30000029),
  ('hector_alvarez', 'pass30', 30000030),
  ('sara_martinez', 'pass1', 40000001),
  ('diego_gonzalez', 'pass2', 40000002),
  ('laura_rodriguez', 'pass3', 40000003),
  ('sofia_ramirez', 'pass4', 40000004),
  ('alejandro_sanchez', 'pass5', 40000005),
  ('valeria_flores', 'pass6', 40000006),
  ('gabriel_torres', 'pass7', 40000007),
  ('luis_morales', 'pass8', 40000008),
  ('marina_vargas', 'pass9', 40000009),
  ('pablo_cruz', 'pass10', 40000010),
  ('elena_gomez', 'pass11', 40000011),
  ('carmen_reyes', 'pass12', 40000012),
  ('ricardo_diaz', 'pass13', 40000013),
  ('daniela_castro', 'pass14', 40000014),
  ('fernando_ortiz', 'pass15', 40000015),
  ('javier_mendoza', 'pass16', 40000016),
  ('marta_aguilar', 'pass17', 40000017),
  ('lucas_fernandez', 'pass18', 40000018),
  ('adriana_jimenez', 'pass19', 40000019),
  ('raul_silva', 'pass20', 40000020);
  
INSERT INTO agentes 
VALUES 
  (20000001, 'John Doe', '123 Main St', 12345678, 98765432),
  (20000002, 'Jane Smith', '456 Elm St', 23456789, 87654321),
  (20000003, 'Alice Johnson', '789 Oak St', 34567890, 76543210),
  (20000004, 'Bob Brown', '101 Pine St', 45678901, 65432109),
  (20000005, 'Emily Davis', '202 Maple St', 56789012, 54321098),
  (20000006, 'Michael Wilson', '303 Cedar St', 67890123, 43210987),
  (20000007, 'Sarah Martinez', '404 Birch St', 78901234, 32109876),
  (20000008, 'David Anderson', '505 Walnut St', 89012345, 21098765),
  (20000009, 'Jessica Taylor', '606 Cherry St', 90123456, 10987654),
  (20000010, 'James Thomas', '707 Pineapple St', 12344321, 98765432),
  (20000011, 'Amanda Lee', '808 Orange St', 23455432, 87654321),
  (20000012, 'Matthew Clark', '909 Banana St', 34566543, 76543210),
  (20000013, 'Stephanie Allen', '1010 Grape St', 45677654, 65432109),
  (20000014, 'Christopher Scott', '1111 Apple St', 56788765, 54321098),
  (20000015, 'Rebecca King', '1212 Pear St', 67899876, 43210987),
  (20000016, 'Nicole Baker', '1313 Cherry St', 78900987, 32109876),
  (20000017, 'Daniel Garcia', '1414 Plum St', 89012098, 21098765),
  (20000018, 'Samantha Young', '1515 Lemon St', 90123109, 10987654),
  (20000019, 'Kevin Rodriguez', '1616 Lime St', 12343210, 98765432),
  (20000020, 'Michelle Nguyen', '1717 Mango St', 23454321, 87654321),
  (20000021, 'Andrew Hernandez', '1818 Papaya St', 34565432, 76543210),
  (20000022, 'Ashley Gonzalez', '1919 Kiwi St', 45676543, 65432109),
  (20000023, 'Jonathan Perez', '2020 Avocado St', 56787654, 54321098),
  (20000024, 'Lauren Torres', '2121 Watermelon St', 67898765, 43210987),
  (20000025, 'Justin Ramirez', '2222 Pineapple St', 78909876, 32109876),
  (20000026, 'Rachel Flores', '2323 Orange St', 89010987, 21098765),
  (20000027, 'Brandon Kim', '2424 Banana St', 90121098, 10987654),
  (20000028, 'Megan Patel', '2525 Grape St', 12332109, 98765432),
  (20000029, 'Tyler Smith', '2626 Apple St', 23443210, 87654321),
  (20000030, 'Kayla Nguyen', '2727 Pear St', 34554321, 76543210);

INSERT INTO vendedores
VALUES 
  (30000001, 'Carlos García', '123 Main St', 12345678),
  (30000002, 'Maria Hernandez', '456 Elm St', 23456789),
  (30000003, 'Juan Martinez', '789 Oak St', 34567890),
  (30000004, 'Ana Lopez', '101 Pine St', 45678901),
  (30000005, 'Pedro Perez', '202 Maple St', 56789012),
  (30000006, 'Laura Rodriguez', '303 Cedar St', 67890123),
  (30000007, 'Diego Gonzalez', '404 Birch St', 78901234),
  (30000008, 'Sofia Ramirez', '505 Walnut St', 89012345),
  (30000009, 'Alejandro Sanchez', '606 Cherry St', 90123456),
  (30000010, 'Valeria Flores', '707 Pineapple St', 12344321),
  (30000011, 'Gabriel Torres', '808 Orange St', 23455432),
  (30000012, 'Luis Morales', '909 Banana St', 34566543),
  (30000013, 'Marina Vargas', '1010 Grape St', 45677654),
  (30000014, 'Pablo Cruz', '1111 Apple St', 56788765),
  (30000015, 'Elena Gomez', '1212 Pear St', 67899876),
  (30000016, 'Carmen Reyes', '1313 Cherry St', 78900987),
  (30000017, 'Ricardo Diaz', '1414 Plum St', 89012098),
  (30000018, 'Daniela Castro', '1515 Lemon St', 90123109),
  (30000019, 'Fernando Ortiz', '1616 Lime St', 12343210),
  (30000020, 'Javier Mendoza', '1717 Mango St', 23454321),
  (30000021, 'Marta Aguilar', '1818 Papaya St', 34565432),
  (30000022, 'Lucas Fernandez', '1919 Kiwi St', 45676543),
  (30000023, 'Adriana Jimenez', '2020 Avocado St', 56787654),
  (30000024, 'Raul Silva', '2121 Watermelon St', 67898765),
  (30000025, 'Teresa Reyes', '2222 Pineapple St', 78909876),
  (30000026, 'Eduardo Gutierrez', '2323 Orange St', 89010987),
  (30000027, 'Monica Ramos', '2424 Banana St', 90121098),
  (30000028, 'Roberto Nunez', '2525 Grape St', 12332109),
  (30000029, 'Patricia Castro', '2626 Apple St', 23443210),
  (30000030, 'Hector Alvarez', '2727 Pear St', 34554321);

INSERT INTO compradores
VALUES 
  (30000001, 'Carlos García', '123 Main St', 12345678),
  (30000002, 'Maria Hernandez', '456 Elm St', 23456789),
  (30000003, 'Juan Martinez', '789 Oak St', 34567890),
  (30000004, 'Ana Lopez', '101 Pine St', 45678901),
  (30000005, 'Pedro Perez', '202 Maple St', 56789012),
  (30000006, 'Laura Rodriguez', '303 Cedar St', 67890123),
  (30000007, 'Diego Gonzalez', '404 Birch St', 78901234),
  (30000008, 'Sofia Ramirez', '505 Walnut St', 89012345),
  (30000009, 'Alejandro Sanchez', '606 Cherry St', 90123456),
  (30000010, 'Valeria Flores', '707 Pineapple St', 12344321),
  (40000001, 'Sara Martinez', '123 Elm St', 12345678),
  (40000002, 'Diego Gonzalez', '456 Oak St', 23456789),
  (40000003, 'Laura Rodriguez', '789 Pine St', 34567890),
  (40000004, 'Sofia Ramirez', '101 Maple St', 45678901),
  (40000005, 'Alejandro Sanchez', '202 Cedar St', 56789012),
  (40000006, 'Valeria Flores', '303 Birch St', 67890123),
  (40000007, 'Gabriel Torres', '404 Walnut St', 78901234),
  (40000008, 'Luis Morales', '505 Cherry St', 89012345),
  (40000009, 'Marina Vargas', '606 Pineapple St', 90123456),
  (40000010, 'Pablo Cruz', '707 Orange St', 12344321),
  (40000011, 'Elena Gomez', '808 Banana St', 23455432),
  (40000012, 'Carmen Reyes', '909 Grape St', 34566543),
  (40000013, 'Ricardo Diaz', '1010 Apple St', 45677654),
  (40000014, 'Daniela Castro', '1111 Pear St', 56788765),
  (40000015, 'Fernando Ortiz', '1212 Cherry St', 67899876),
  (40000016, 'Javier Mendoza', '1313 Plum St', 78900987),
  (40000017, 'Marta Aguilar', '1414 Lemon St', 89012098),
  (40000018, 'Lucas Fernandez', '1515 Lime St', 90123109),
  (40000019, 'Adriana Jimenez', '1616 Mango St', 12343210),
  (40000020, 'Raul Silva', '1717 Papaya St', 23454321);
  
INSERT INTO PROPIEDADES_VENDIDAS
VALUES
    (1, 'Cozy Apartment', 'New York', '123 Elm St', 2, 'Furnished, close to subway station', 200000.00, '2023-01-15', '2023-02-20', 20000001, 30000001, 30000009, 10000.00),
    (2, 'Modern Loft', 'Los Angeles', '456 Oak St', 1, 'Open floor plan, city view', 300000.00, '2023-02-20', '2023-03-25', 20000002, 30000002, 40000002, 15000.00),
    (3, 'Family Home', 'Chicago', '789 Pine St', 3, 'Spacious backyard, renovated kitchen', 400000.00, '2023-03-25', '2023-04-30', 20000003, 30000003, 40000003, 20000.00),
    (4, 'Beachfront Villa', 'Miami', '101 Maple St', 4, 'Private beach access, luxury amenities', 1000000.00, '2023-04-30', '2023-05-30', 20000004, 30000004, 40000004, 50000.00),
    (5, 'Mountain Retreat', 'Denver', '202 Cedar St', 2, 'Secluded cabin, stunning views', 250000.00, '2023-05-30', '2023-06-30', 20000005, 30000005, 40000005, 12500.00),
    (6, 'City Penthouse', 'San Francisco', '303 Birch St', 3, 'Luxurious penthouse, downtown location', 1500000.00, '2023-06-30', '2023-07-30', 20000006, 30000006, 40000006, 75000.00),
    (7, 'Historic Townhouse', 'Boston', '404 Walnut St', 3, 'Classic architecture, modern amenities', 800000.00, '2023-07-30', '2023-08-30', 20000007, 30000007, 40000007, 40000.00),
    (8, 'Ranch Retreat', 'Austin', '505 Cherry St', 5, 'Large ranch, horse stables', 600000.00, '2023-08-30', '2023-09-30', 20000008, 30000008, 40000008, 30000.00),
    (9, 'Lakefront Cottage', 'Seattle', '606 Pineapple St', 2, 'Quaint cottage, stunning lake views', 350000.00, '2023-09-30', '2023-10-30', 20000009, 30000009, 40000009, 17500.00),
    (10, 'Country Estate', 'Nashville', '707 Orange St', 6, 'Sprawling estate, guest house, pool', 2000000.00, '2023-10-30', '2023-11-30', 20000010, 30000010, 30000010, 100000.00),
    (11, 'Downtown Condo', 'Toronto', '808 Banana St', 1, 'Convenient location, modern design', 500000.00, '2023-11-30', '2023-12-30', 20000011, 30000011, 40000011, 25000.00),
    (12, 'Suburban Dream', 'Vancouver', '909 Grape St', 4, 'Family-friendly neighborhood, spacious backyard', 700000.00, '2023-12-30', '2024-01-30', 20000012, 30000012, 40000012, 35000.00),
    (13, 'Luxury Penthouse', 'Montreal', '1010 Apple St', 3, 'Panoramic city views, high-end finishes', 1800000.00, '2024-01-30', '2024-02-28', 20000013, 30000013, 40000013, 90000.00),
    (14, 'Beachside Bungalow', 'Miami', '1111 Pear St', 2, 'Steps from the beach, tropical landscaping', 600000.00, '2024-02-28', '2024-03-30', 20000014, 30000014, 40000014, 30000.00),
    (15, 'Mountain Cabin', 'Denver', '1212 Cherry St', 1, 'Cozy cabin, surrounded by nature', 200000.00, '2024-03-30', '2024-04-30', 20000015, 30000015, 40000015, 10000.00),
    (16, 'Urban Oasis', 'San Francisco', '1313 Plum St', 2, 'Modern design, rooftop garden', 900000.00, '2024-04-30', '2024-05-30', 20000016, 30000016, 40000016, 45000.00),
    (17, 'Charming Cottage', 'Boston', '1414 Lemon St', 2, 'Quaint cottage, historic neighborhood', 400000.00, '2024-05-30', '2024-06-30', 20000017, 30000017, 40000017, 20000.00),
    (18, 'Lakefront Retreat', 'Seattle', '1515 Lime St', 3, 'Tranquil lakefront property, boat dock', 800000.00, '2024-06-30', '2024-07-30', 20000018, 30000018, 40000018, 40000.00),
    (19, 'Ranch House', 'Austin', '1616 Mango St', 4, 'Traditional ranch style, expansive land', 1000000.00, '2024-07-30', '2024-08-30', 20000019, 30000019, 30000003, 50000.00),
    (20, 'City Townhouse', 'New York', '1717 Papaya St', 3, 'Sleek design, urban living', 700000.00, '2024-08-30', '2024-09-30', 20000020, 30000020, 40000020, 35000.00);


INSERT INTO PROPIEDADES_EN_MERCADO 
VALUES
    (1, 'Cozy Studio', 'Chicago', '321 Main St', 1, 'Compact layout, downtown location', 150000.00, '2023-01-15', 20000021, 30000001),
    (2, 'Spacious Loft', 'Seattle', '789 Oak St', 2, 'High ceilings, natural light', 400000.00, '2023-02-20', 20000022, 30000002),
    (3, 'Suburban Retreat', 'Los Angeles', '456 Pine St', 3, 'Quiet neighborhood, backyard oasis', 600000.00, '2023-03-25', 20000023, 30000003),
    (4, 'Beachfront Condo', 'Miami', '101 Ocean Blvd', 2, 'Ocean views, resort-style amenities', 800000.00, '2023-04-30', 20000024, 30000004),
    (5, 'Mountain Chalet', 'Denver', '202 Summit Ave', 4, 'Rustic charm, mountain access', 700000.00, '2023-05-30', 20000025, 30000005),
    (6, 'Urban Loft', 'San Francisco', '303 Market St', 1, 'Industrial style, city views', 500000.00, '2023-06-30', 20000026, 30000006),
    (7, 'Historic Mansion', 'Boston', '404 Park Ave', 6, 'Grand architecture, historical significance', 2500000.00, '2023-07-30', 20000027, 30000027),
    (8, 'Country Farmhouse', 'Austin', '505 Farm Rd', 3, 'Farmhouse charm, vast land', 900000.00, '2023-08-30', 20000028, 30000028),
    (9, 'Lakefront Cabin', 'Seattle', '606 Lakeview Dr', 2, 'Cozy cabin, lakefront views', 300000.00, '2023-09-30', 20000029, 30000029),
    (10, 'Luxury Villa', 'Miami', '707 Luxury Lane', 5, 'Private estate, luxury amenities', 3000000.00, '2023-10-30', 20000030, 30000030),
    (11, 'Downtown Apartment', 'Toronto', '808 City Ave', 1, 'Convenient location, modern living', 400000.00, '2023-11-30', 20000001, 30000011),
    (12, 'Coastal Cottage', 'Vancouver', '909 Beach Blvd', 2, 'Charming cottage, coastal views', 600000.00, '2023-12-30', 20000002, 30000012),
    (13, 'Skyline Penthouse', 'Montreal', '1010 Skyline Dr', 3, 'Panoramic city views, luxury living', 2000000.00, '2024-01-30', 20000003, 30000013),
    (14, 'Beachside Retreat', 'Miami', '1111 Shoreline Blvd', 2, 'Steps from the beach, serene surroundings', 750000.00, '2024-02-28', 20000004, 30000014),
    (15, 'Forest Cabin', 'Denver', '1212 Forest Rd', 1, 'Secluded cabin, surrounded by forest', 150000.00, '2024-03-30', 20000005, 30000014),
    (16, 'City View Condo', 'San Francisco', '1313 Cityview Ave', 2, 'Panoramic city views, modern design', 850000.00, '2024-04-30', 20000016, 30000014),
    (17, 'Countryside Cottage', 'Boston', '1414 Countryside Ln', 2, 'Quaint cottage, rural charm', 450000.00, '2024-05-30', 20000027, 30000017),
    (18, 'Lake House', 'Seattle', '1515 Lakeside Dr', 3, 'Tranquil lakefront property, spacious deck', 950000.00, '2024-06-30', 20000028, 30000030),
    (19, 'Ranch Retreat', 'Austin', '1616 Ranch Rd', 4, 'Ranch-style living, expansive land', 1200000.00, '2024-07-30', 20000019, 30000030);


